"placeID","Park","canopy.coverage","Lat","Long","Nights.active","Cat","trapping_rate_cat","distance","camera_trap_id"
1,"Barnes",27.158,51.46563542,-0.24748,20,0,0,0.000547472,"Barnes.1"
2,"Barnes",45.038,51.46563542,-0.24514,20,0,0,0.000453927,"Barnes.2"
3,"Barnes",45.038,51.46563542,-0.24281,20,0,0,0.000394014,"Barnes.3"
4,"Barnes",45.038,51.4671,-0.24514,20,0,0,0.000445338,"Barnes.4"
5,"Barnes",45.038,51.46731,-0.24277,20,0,0,0.001928316,"Barnes.5"
6,"Barnes",52.709,51.4671,-0.24048,20,0,0,0.001418089,"Barnes.6"
7,"Barnes",52.709,51.4671,-0.23815,20,0,0,0.00092317,"Barnes.7"
8,"Barnes",29.543,51.4671,-0.23582,20,0,0,0.000298731,"Barnes.8"
9,"Barnes",7.653,51.4671,-0.23115,20,0,0,0.000385925,"Barnes.9"
10,"Barnes",7.653,51.46751,-0.22891,20,9,0.45,0.000766186,"Barnes.10"
11,"Barnes",43.94,51.46856,-0.24281,20,0,0,0.001162728,"Barnes.11"
12,"Barnes",52.71,51.46856,-0.24048,20,0,0,0.002816755,"Barnes.12"
13,"Barnes",52.71,51.46856,-0.23815,20,0,0,0.002311667,"Barnes.13"
14,"Barnes",42.337,51.46856,-0.23582,4,0,0,0.001701365,"Barnes.14"
15,"Barnes",42.337,51.46856,-0.23349,20,0,0,0.001084065,"Barnes.15"
16,"Barnes",7.653,51.46856,-0.23225,14,3,0.214285714,0.001607606,"Barnes.16"
17,"Barnes",7.653,51.4687,-0.23015,18,0,0,0.001968389,"Barnes.17"
18,"Barnes",43.94,51.47002,-0.24281,20,2,0.1,0.000743206,"Barnes.18"
19,"Barnes",29.372,51.46997,-0.24108,20,0,0,0.001404355,"Barnes.19"
20,"Barnes",29.372,51.47002,-0.23815,20,1,0.05,0.001770434,"Barnes.20"
21,"Barnes",42.337,51.47002,-0.23582,20,0,0,0.001924938,"Barnes.21"
22,"Barnes",42.337,51.47002,-0.23349,20,0,0,0.002543355,"Barnes.22"
23,"Barnes",26.268,51.46999,-0.23164,20,0,0,0.003089971,"Barnes.23"
24,"Barnes",26.268,51.47002417,-0.22882,20,2,0.1,0.000774428,"Barnes.24"
25,"Barnes",29.372,51.47148708,-0.24281,20,0,0,0.000195644,"Barnes.25"
26,"Barnes",29.372,51.47148708,-0.24048,20,2,0.1,0.000126879,"Barnes.26"
27,"Barnes",29.372,51.47148708,-0.23815,20,16,0.8,0.000309694,"Barnes.27"
28,"Barnes",18.506,51.47148708,-0.23349,20,1,0.05,0.003141905,"Barnes.28"
29,"Barnes",26.268,51.47148708,-0.23115,20,0,0,0.002637784,"Barnes.29"
30,"Barnes",26.268,51.47148708,-0.22882,20,0,0,0.000694061,"Barnes.30"
1,"Kempton",44.93,51.426692,-0.391616,14,0,0,0.000315804,"Kempton.1"
2,"Kempton",44.93,51.426492,-0.391081,14,0,0,0.000537851,"Kempton.2"
3,"Kempton",44.93,51.426195,-0.390401,14,2,0.142857143,0.000857236,"Kempton.3"
4,"Kempton",44.93,51.425304,-0.389274,14,0,0,0.00178589,"Kempton.4"
5,"Kempton",44.93,51.424928,-0.388122,14,1,0.071428571,0.001711708,"Kempton.5"
6,"Kempton",35.9,51.423894,-0.38883,14,6,0.428571429,0.002923882,"Kempton.6"
7,"Kempton",35.9,51.424066,-0.390086,14,1,0.071428571,0.002986236,"Kempton.7"
8,"Kempton",47.267,51.42399,-0.391985,14,1,0.071428571,0.002995693,"Kempton.8"
9,"Kempton",47.267,51.42467,-0.394925,14,0,0,0.002694029,"Kempton.9"
10,"Kempton",47.267,51.42551,-0.395681,14,0,0,0.001956686,"Kempton.10"
11,"Kempton",47.267,51.426216,-0.395945,14,0,0,0.001208357,"Kempton.11"
12,"Kempton",47.267,51.42723,-0.395522,14,1,0.071428571,0.00032259,"Kempton.12"
13,"Kempton",47.267,51.427163,-0.394682,14,0,0,0.000348343,"Kempton.13"
1,"EalingA",38.849,51.509427,-0.343253,14,0,0,0.000988519,"EalingA.1"
2,"EalingA",38.849,51.510616,-0.345353,14,1,0.071428571,0.001528768,"EalingA.2"
3,"EalingA",38.849,51.510462,-0.342861,14,0,0,0.000879886,"EalingA.3"
4,"EalingA",38.849,51.5114646,-0.3432942,14,0,0,0.000834195,"EalingA.4"
5,"EalingA",40.083,51.512394,-0.346757,14,0,0,0.00175272,"EalingA.5"
6,"EalingA",53.857,51.51139,-0.350158,14,0,0,0.001453944,"EalingA.6"
7,"EalingA",38.849,51.510853,-0.341958,14,0,0,0.000876348,"EalingA.7"
8,"EalingA",54.637,51.51337,-0.349881,14,0,0,0.003319166,"EalingA.8"
9,"EalingA",39.017,51.513731,-0.3461,14,9,0.642857143,0.00037835,"EalingA.9"
10,"EalingA",39.017,51.513571,-0.345335,11,6,0.545454545,0.000558983,"EalingA.10"
11,"EalingA",31.308,51.513058,-0.342639,14,4,0.285714286,0.000452961,"EalingA.11"
12,"EalingA",39.017,51.514371,-0.348201,14,8,0.571428571,0.00185557,"EalingA.12"
1,"EalingA",22.367,51.5267718,-0.3243502,14,0,0,0.001093262,"EalingA.1"
2,"EalingA",33.036,51.528942,-0.31721,14,1,0.071428571,0.001113715,"EalingA.2"
3,"EalingA",34.909,51.525607,-0.3206272,14,2,0.142857143,0.000563096,"EalingA.3"
4,"EalingA",33.036,51.529288,-0.315621,14,3,0.214285714,0.001275052,"EalingA.4"
5,"EalingA",35.733,51.528735,-0.312746,14,0,0,0.000395729,"EalingA.5"
6,"EalingA",35.733,51.5297867,-0.3243823,14,0,0,0.00228754,"EalingA.6"
7,"EalingA",35.733,51.530822,-0.313123,14,2,0.142857143,0.001657645,"EalingA.7"
1,"EalingB",10.2,51.495678,-0.329932,14,0,0,0.00072552,"EalingB.1"
2,"EalingB",10.2,51.497298,-0.331095,14,0,0,0.00134335,"EalingB.2"
3,"EalingB",10.2,51.498138,-0.33713,14,2,0.14285714,0.00025246,"EalingB.3"
4,"EalingB",10.2,51.4983739,-0.3350894,14,0,0,0.00078973,"EalingB.4"
5,"EalingB",43.479,51.49788,-0.332928,14,0,0,0.00053898,"EalingB.5"
6,"EalingB",43.479,51.4961299,-0.3309702,14,0,0,0.00071057,"EalingB.6"
7,"EalingB",43.479,51.499345,-0.336531,14,5,0.35714286,0.00104938,"EalingB.7"
8,"EalingB",39.404,51.500237,-0.335288,14,0,0,0.00097767,"EalingB.8"
9,"EalingB",39.404,51.501259,-0.33662,14,3,0.21428571,0.00027125,"EalingB.9"
10,"EalingB",39.404,51.500094,-0.332967,7,4,0.57142857,0.00025671,"EalingB.10"
11,"EalingB",30.765,51.500765,-0.332506,14,2,0.14285714,0.00029659,"EalingB.11"
1,"KingstonA",22.409,51.386273,-0.253174,14,0,0,0.000415199,"KingstonA.1"
2,"KingstonA",22.409,51.386103,-0.2519,14,0,0,0.000304587,"KingstonA.2"
3,"KingstonA",22.409,51.386077,-0.249689,14,0,0,0.000204495,"KingstonA.3"
4,"KingstonA",22.409,51.38608669,-0.248531643,14,3,0.214285714,0.000125523,"KingstonA.4"
5,"KingstonA",22.409,51.3862742,-0.2469716,14,1,0.071428571,0.000239113,"KingstonA.5"
6,"KingstonA",30.018,51.4023788,-0.2451734,14,0,0,0.00055036,"KingstonA.6"
7,"KingstonA",30.018,51.38693,-0.267638,14,3,0.214285714,0.000561601,"KingstonA.7"
8,"KingstonA",30.018,51.388002,-0.251544,14,0,0,0.000339252,"KingstonA.8"
9,"KingstonA",30.018,51.3869251,-0.2501454,14,0,0,0.000881675,"KingstonA.9"
10,"KingstonA",30.018,51.3869619,-0.2483171,14,0,0,0.000981732,"KingstonA.10"
1,"KingstonB",36.276,51.38039345,-0.262186053,14,0,0,0.001590194,"KingstonB.1"
2,"KingstonB",36.276,51.3804336,-0.2609908,14,2,0.142857143,0.000786611,"KingstonB.2"
3,"KingstonB",48.423,51.38134233,-0.26370321,14,0,0,0.001282466,"KingstonB.3"
4,"KingstonB",48.423,51.3822912,-0.26370321,14,1,0.071428571,0.000467456,"KingstonB.4"
5,"KingstonB",48.423,51.382848,-0.264896,14,0,0,0.000809188,"KingstonB.5"
6,"KingstonB",39.312,51.38418894,-0.26825468,14,1,0.071428571,7.56e-05,"KingstonB.6"
7,"KingstonB",39.312,51.38418894,-0.266737523,14,0,0,0.00085139,"KingstonB.7"
8,"KingstonB",39.312,51.4054279,-0.2463401,14,0,0,0.001188679,"KingstonB.8"
9,"KingstonB",45.386,51.384932,-0.268082,14,4,0.285714286,0.000802408,"KingstonB.9"
10,"KingstonB",45.386,51.38513781,-0.266737523,14,0,0,0.001409099,"KingstonB.10"
11,"KingstonB",45.386,51.4053122,-0.2451384,14,0,0,0.001752383,"KingstonB.11"
12,"KingstonB",45.386,51.386141,-0.268487,14,1,0.071428571,0.001358346,"KingstonB.12"
1,"KingstonC",39.305,51.3870356,-0.2470145,14,0,0,0.00041181,"KingstonC.1"
2,"KingstonC",39.305,51.388188,-0.268741,14,0,0,0.00039885,"KingstonC.2"
3,"KingstonC",39.305,51.3879844,-0.2485316,14,3,0.21428571,0.00029099,"KingstonC.3"
4,"KingstonC",36.896,51.4028486,-0.2449272,14,0,0,0.00103739,"KingstonC.4"
5,"KingstonC",12.868,51.404387,-0.254819,14,2,0.14285714,0.0003377,"KingstonC.5"
6,"KingstonC",12.868,51.404896,-0.252938,14,9,0.64285714,0.00063705,"KingstonC.6"
7,"KingstonC",36.896,51.405601,-0.248988,14,1,0.07142857,0.00043667,"KingstonC.7"
8,"KingstonC",36.896,51.405898,-0.247343,14,0,0,0.00044895,"KingstonC.8"
23,"GNW.A",26.338,51.468844,-0.038717,13,0,0,9.08e-05,"GNW.A.23"
24,"GNW.A",36.647,51.46948,-0.038402,13,0,0,0.000734536,"GNW.A.24"
25,"GNW.A",26.338,51.469927,-0.038391,13,0,0,0.001022917,"GNW.A.25"
26,"GNW.A",26.338,51.469333,-0.039178,13,1,0.076923077,3.74e-05,"GNW.A.26"
27,"GNW.A",36.647,51.4709291,-0.03952,13,0,0,0.000161022,"GNW.A.27"
28,"GNW.A",36.647,51.472032,-0.039087,13,3,0.230769231,0.000324019,"GNW.A.28"
29,"GNW.A",36.647,51.471539,-0.038934,13,0,0,0.000550004,"GNW.A.29"
30,"GNW.A",36.647,51.4707327,-0.038627,13,0,0,0.001064076,"GNW.A.30"
1,"GNW.B",18.404,51.455958,-0.039941,13,0,0,0.000477629,"GNW.B.1"
2,"GNW.B",18.404,51.455535,-0.040109,13,0,0,0.00051649,"GNW.B.2"
3,"GNW.B",18.404,51.455187,-0.039985,13,0,0,0.000243004,"GNW.B.3"
4,"GNW.B",18.404,51.455201,-0.040775,13,0,0,0.000946203,"GNW.B.4"
5,"GNW.B",18.404,51.454857,-0.040536,13,0,0,0.0005732,"GNW.B.5"
9,"GNW.B",31.311,51.445266,-0.050616,13,0,0,0.000544524,"GNW.B.9"
10,"GNW.B",31.311,51.4448,-0.050599,13,0,0,0.000842999,"GNW.B.10"
11,"GNW.B",31.311,51.444049,-0.05095,13,0,0,0.00044641,"GNW.B.11"
12,"GNW.B",31.311,51.445224,-0.049718,13,0,0,0.001036978,"GNW.B.12"
13,"GNW.B",31.311,51.446147,-0.048896,13,0,0,0.000768773,"GNW.B.13"
14,"GNW.B",31.311,51.4465706,-0.0485736,13,2,0.153846154,0.000600671,"GNW.B.14"
15,"GNW.B",31.311,51.445725,-0.049483,13,3,0.230769231,0.000791145,"GNW.B.15"
16,"GNW.B",31.311,51.44544,-0.048456,13,0,0,0.000511602,"GNW.B.16"
17,"GNW.B",31.311,51.444724,-0.049224,13,0,0,0.000334938,"GNW.B.17"
18,"GNW.B",31.311,51.445979,-0.048333,13,0,0,0.000944416,"GNW.B.18"
19,"GNW.B",31.311,51.4466297,-0.0473618,13,4,0.307692308,0.000470175,"GNW.B.19"
20,"GNW.B",31.311,51.448107,-0.046468,13,0,0,8.21e-05,"GNW.B.20"
21,"GNW.B",31.311,51.4475971,-0.0464867,13,30,2.307692308,0.000246185,"GNW.B.21"
22,"GNW.B",31.311,51.4471134,-0.0474697,13,0,0,0.000819507,"GNW.B.22"
6,"GNW.C",36.449,51.43172688,-0.051606247,13,93,7.153846154,5.44e-05,"GNW.C.6"
7,"GNW.C",36.449,51.432324,-0.052557,13,80,6.153846154,8.63e-05,"GNW.C.7"
8,"GNW.C",36.449,51.431767,-0.05246,13,14,1.076923077,0.000203928,"GNW.C.8"
1,"Bushy",22.146,51.40703,-0.33821,20,0,0,0.000187131,"Bushy.1"
2,"Bushy",22.146,51.40705,-0.3366,3,0,0,0.000517317,"Bushy.2"
3,"Bushy",22.146,51.4084,-0.33887,24,0,0,0.001477957,"Bushy.3"
4,"Bushy",6.349,51.40994,-0.35038,24,0,0,0.000695841,"Bushy.4"
5,"Bushy",6.349,51.40994,-0.34809,24,0,0,0.001383271,"Bushy.5"
6,"Bushy",46.483,51.41007,-0.34588,24,0,0,0.002363094,"Bushy.6"
7,"Bushy",21.117,51.40991,-0.3436,24,0,0,0.003185167,"Bushy.7"
8,"Bushy",21.117,51.41003,-0.34119,24,0,0,0.003182367,"Bushy.8"
9,"Bushy",21.117,51.40994,-0.33894,24,0,0,0.003003899,"Bushy.9"
10,"Bushy",48.659,51.40994,-0.33665,24,0,0,0.003334657,"Bushy.10"
11,"Bushy",6.439,51.40994,-0.33436,24,0,0,0.003521137,"Bushy.11"
12,"Bushy",6.439,51.40994,-0.33207,24,0,0,0.003313716,"Bushy.12"
13,"Bushy",24.499,51.40994,-0.32978,24,0,0,0.003056275,"Bushy.13"
14,"Bushy",24.499,51.40994,-0.32749,3,0,0,0.002799238,"Bushy.14"
15,"Bushy",28.642,51.40995,-0.3252,24,0,0,0.00257082,"Bushy.15"
16,"Bushy",28.642,51.41141,-0.35496,24,0,0,0.000551725,"Bushy.16"
17,"Bushy",22.376,51.41137,-0.35267,22,0,0,0.001337148,"Bushy.17"
18,"Bushy",29.26,51.4112,-0.35044,24,0,0,0.001895294,"Bushy.18"
19,"Bushy",46.483,51.41137,-0.34809,24,0,0,0.002633398,"Bushy.19"
20,"Bushy",46.483,51.41132,-0.3437,24,0,0,0.004392115,"Bushy.20"
21,"Bushy",46.483,51.41123,-0.34378,24,0,0,0.004277347,"Bushy.21"
22,"Bushy",48.659,51.41137,-0.34123,24,0,0,0.004479267,"Bushy.22"
23,"Bushy",48.659,51.41137,-0.33894,24,0,0,0.004429189,"Bushy.23"
24,"Bushy",48.659,51.41137,-0.33665,24,0,0,0.004737296,"Bushy.24"
25,"Bushy",12.162,51.41139,-0.33449,2,0,0,0.004973233,"Bushy.25"
26,"Bushy",12.162,51.41137,-0.33207,8,0,0,0.004729399,"Bushy.26"
27,"Bushy",24.499,51.41164,-0.32914,24,0,0,0.004672376,"Bushy.27"
28,"Bushy",24.499,51.41201,-0.32795,24,0,0,0.004904602,"Bushy.28"
29,"Bushy",40.766,51.41139,-0.32619,24,0,0,0.004114833,"Bushy.29"
30,"Bushy",40.766,51.4126049,-0.3198589,24,0,0,0.003008066,"Bushy.30"
31,"Bushy",22.376,51.41064,-0.32087,25,0,0,0.002335444,"Bushy.31"
32,"Bushy",8.875,51.41267,-0.35435,24,0,0,0.001940369,"Bushy.32"
33,"Bushy",5.846,51.41286,-0.35428,25,0,0,0.002142769,"Bushy.33"
34,"Bushy",29.26,51.41295,-0.35326,24,0,0,0.002556573,"Bushy.34"
35,"Bushy",29.26,51.41299,-0.3504,24,0,0,0.003651741,"Bushy.35"
36,"Bushy",29.26,51.41284,-0.34835,24,0,0,0.003814081,"Bushy.36"
37,"Bushy",45.923,51.41277,-0.34574,24,0,0,0.004917861,"Bushy.37"
38,"Bushy",57.439,51.41286,-0.34317,24,0,0,0.006014506,"Bushy.38"
39,"Bushy",57.439,51.4128,-0.34122,24,0,0,0.005875043,"Bushy.39"
40,"Bushy",46.55,51.41267,-0.33906,24,0,0,0.005715176,"Bushy.40"
41,"Bushy",46.55,51.4128,-0.33665,24,0,0,0.006139936,"Bushy.41"
42,"Bushy",12.162,51.4128,-0.33436,24,0,0,0.006377058,"Bushy.42"
43,"Bushy",12.162,51.41295,-0.33232,24,0,0,0.006328868,"Bushy.43"
44,"Bushy",67.404,51.41285,-0.33031,10,0,0,0.006006852,"Bushy.44"
45,"Bushy",67.404,51.4128335,-0.3256284,24,0,0,0.005484432,"Bushy.45"
46,"Bushy",40.766,51.41294,-0.32281,8,0,0,0.004980303,"Bushy.46"
47,"Bushy",29.728,51.41319,-0.31997,24,0,0,0.002728769,"Bushy.47"
48,"Bushy",29.728,51.41286,-0.31874,24,0,0,0.001988056,"Bushy.48"
49,"Bushy",29.728,51.41423,-0.35724,24,0,0,0.000794825,"Bushy.49"
50,"Bushy",8.875,51.41423,-0.35496,25,0,0,0.002730094,"Bushy.50"
51,"Bushy",8.875,51.41428,-0.35019,24,0,0,0.004921386,"Bushy.51"
52,"Bushy",29.26,51.41401,-0.34826,24,0,0,0.004940865,"Bushy.52"
53,"Bushy",29.26,51.41423,-0.3458,4,0,0,0.006245537,"Bushy.53"
54,"Bushy",45.923,51.41456,-0.34388,24,0,0,0.007278387,"Bushy.54"
55,"Bushy",45.923,51.4143,-0.33882,20,0,0,0.00735927,"Bushy.55"
56,"Bushy",45.923,51.41423,-0.33665,24,0,0,0.007214629,"Bushy.56"
57,"Bushy",57.439,51.41423,-0.33436,23,0,0,0.006803147,"Bushy.57"
58,"Bushy",46.55,51.41423,-0.33436,4,0,0,0.006803147,"Bushy.58"
59,"Bushy",46.55,51.41434,-0.32997,17,0,0,0.006047249,"Bushy.59"
60,"Bushy",33.161,51.41424,-0.3278,24,0,0,0.0054872,"Bushy.60"
61,"Bushy",33.161,51.4148627,-0.3267038,24,0,0,0.004591523,"Bushy.61"
62,"Bushy",33.161,51.4148723,-0.3221547,24,0,0,0.002963882,"Bushy.62"
63,"Bushy",33.161,51.4135976,-0.3196485,24,0,0,0.002222973,"Bushy.63"
64,"Bushy",53.619,51.4139459,-0.31844,24,0,0,0.00106221,"Bushy.64"
65,"Bushy",53.619,51.41566,-0.35724,24,0,0,0.00030652,"Bushy.65"
66,"Bushy",53.619,51.41577,-0.35479,11,0,0,0.002571693,"Bushy.66"
67,"Bushy",29.728,51.41554,-0.3532,21,0,0,0.00414466,"Bushy.67"
68,"Bushy",8.875,51.41561,-0.35068,21,0,0,0.006018412,"Bushy.68"
69,"Bushy",18.183,51.41587,-0.3479,24,0,0,0.006823231,"Bushy.69"
70,"Bushy",39.608,51.41566,-0.3458,24,0,0,0.007253237,"Bushy.70"
71,"Bushy",39.608,51.41587,-0.34445,24,0,0,0.006955712,"Bushy.71"
72,"Bushy",39.608,51.41564,-0.34108,24,0,0,0.006814078,"Bushy.72"
73,"Bushy",11.701,51.41567,-0.33893,14,0,0,0.006279713,"Bushy.73"
74,"Bushy",11.701,51.41568,-0.33637,27,0,0,0.005738059,"Bushy.74"
75,"Bushy",11.701,51.41566,-0.33436,24,0,0,0.005396949,"Bushy.75"
76,"Bushy",11.701,51.41566,-0.33207,24,1,0.041666667,0.005049746,"Bushy.76"
77,"Bushy",46.55,51.41568,-0.33003,23,0,0,0.004761272,"Bushy.77"
78,"Bushy",33.661,51.41576,-0.32746,24,0,0,0.003930101,"Bushy.78"
79,"Bushy",33.661,51.41566,-0.32521,24,0,0,0.003357596,"Bushy.79"
80,"Bushy",67.404,51.41576,-0.32311,24,0,0,0.002535004,"Bushy.80"
81,"Bushy",67.404,51.41566,-0.32063,24,0,0,0.001565989,"Bushy.81"
82,"Bushy",53.619,51.41719,-0.35449,24,0,0,0.00261211,"Bushy.82"
83,"Bushy",53.619,51.41707,-0.35247,20,0,0,0.004623537,"Bushy.83"
84,"Bushy",29.728,51.41724,-0.35107,24,0,0,0.006028641,"Bushy.84"
85,"Bushy",23.629,51.41706,-0.34802,24,0,0,0.00653297,"Bushy.85"
86,"Bushy",35.323,51.41709,-0.3458,16,0,0,0.00583306,"Bushy.86"
87,"Bushy",35.323,51.41763,-0.34396,24,0,0,0.00516966,"Bushy.87"
88,"Bushy",18.349,51.41709,-0.34123,22,0,0,0.005448396,"Bushy.88"
89,"Bushy",18.349,51.41712,-0.33896,24,0,0,0.004873548,"Bushy.89"
90,"Bushy",11.701,51.41731,-0.33771,27,0,0,0.004407483,"Bushy.90"
91,"Bushy",11.701,51.41703,-0.33407,24,0,0,0.003997061,"Bushy.91"
92,"Bushy",20.833,51.41709,-0.33207,24,0,0,0.003634055,"Bushy.92"
93,"Bushy",20.833,51.41709,-0.32978,24,0,0,0.003331337,"Bushy.93"
94,"Bushy",33.661,51.41689,-0.32788,8,0,0,0.002941487,"Bushy.94"
95,"Bushy",33.661,51.41709,-0.32292,24,0,0,0.00123021,"Bushy.95"
96,"Bushy",56.011,51.41709,-0.32063,24,0,0,0.000296546,"Bushy.96"
97,"Bushy",56.011,51.41842,-0.35471,24,0,0,0.002791966,"Bushy.97"
98,"Bushy",53.619,51.41885,-0.35278,21,0,0,0.004706666,"Bushy.98"
99,"Bushy",53.619,51.41849,-0.35139,24,0,0,0.005902951,"Bushy.99"
100,"Bushy",23.629,51.41878,-0.34795,24,0,0,0.005022771,"Bushy.100"
101,"Bushy",23.629,51.41852,-0.3458,24,0,0,0.004419221,"Bushy.101"
102,"Bushy",35.323,51.4185287,-0.343519,22,0,0,0.004246297,"Bushy.102"
103,"Bushy",35.323,51.41852,-0.34123,24,0,0,0.00406435,"Bushy.103"
104,"Bushy",34.081,51.4190005,-0.3389277,14,0,0,0.003033894,"Bushy.104"
105,"Bushy",34.081,51.41852,-0.3343,24,0,0,0.002573651,"Bushy.105"
106,"Bushy",18.349,51.41852,-0.33207,45,0,0,0.002218364,"Bushy.106"
107,"Bushy",10.92,51.41852,-0.32978,24,0,0,0.001911946,"Bushy.107"
108,"Bushy",10.92,51.4191253,-0.3285973,31,0,0,0.001142543,"Bushy.108"
109,"Bushy",20.833,51.41853,-0.32517,24,0,0,0.00062825,"Bushy.109"
110,"Bushy",20.833,51.42091,-0.35471,24,0,0,0.004334168,"Bushy.110"
111,"Bushy",35.113,51.42048,-0.35334,24,0,0,0.005142119,"Bushy.111"
112,"Bushy",35.113,51.42056,-0.35147,2,0,0,0.006024675,"Bushy.112"
113,"Bushy",56.011,51.41976,-0.34827,19,0,0,0.0044868,"Bushy.113"
114,"Bushy",56.011,51.41995,-0.3458,24,0,0,0.003020637,"Bushy.114"
115,"Bushy",19.793,51.41983731,-0.341065,24,0,0,0.00274788,"Bushy.115"
116,"Bushy",19.793,51.42008235,-0.33892084,24,0,0,0.001978178,"Bushy.116"
117,"Bushy",23.629,51.41995,-0.33436,24,0,0,0.001178354,"Bushy.117"
118,"Bushy",40.906,51.41995,-0.33207,31,0,0,0.000802672,"Bushy.118"
119,"Bushy",17.419,51.41995,-0.32978,24,0,0,0.000492555,"Bushy.119"
120,"Bushy",17.419,51.42133,-0.35542,25,0,0,0.003569525,"Bushy.120"
121,"Bushy",10.92,51.42115,-0.35244,6,0,0,0.005568332,"Bushy.121"
122,"Bushy",10.92,51.42138,-0.35038,22,0,0,0.005067544,"Bushy.122"
123,"Bushy",28.967,51.42138,-0.34809,24,0,0,0.003396798,"Bushy.123"
124,"Bushy",28.967,51.42094657,-0.34075487,24,0,0,0.001596277,"Bushy.124"
125,"Bushy",28.967,51.42125242,-0.33899756,32,0,0,0.00085834,"Bushy.125"
126,"Bushy",28.967,51.4239,-0.3574,24,0,0,0.000806497,"Bushy.126"
127,"Bushy",40.906,51.42282,-0.35496,36,1,0.027777778,0.003474804,"Bushy.127"
128,"Bushy",40.906,51.423282,-0.351601,24,0,0,0.003343999,"Bushy.128"
129,"Bushy",17.419,51.42285,-0.35095,24,0,0,0.00368598,"Bushy.129"
130,"Bushy",7.419,51.42293,-0.3481,21,0,0,0.002950364,"Bushy.130"
131,"Bushy",11.65,51.4233,-0.34561,24,0,0,0.000446685,"Bushy.131"
132,"Bushy",28.967,51.42425,-0.35724,24,0,0,0.000812835,"Bushy.132"
133,"Bushy",28.967,51.42425,-0.35496,24,0,0,0.00243113,"Bushy.133"
134,"Bushy",26.561,51.42425,-0.35267,22,0,0,0.002526098,"Bushy.134"
135,"Bushy",40.906,51.42425,-0.3458,24,0,0,0.000394058,"Bushy.135"
136,"Bushy",40.906,51.42568,-0.35267,24,0,0,0.001108693,"Bushy.136"
137,"Bushy",25.265,51.42534,-0.351,24,0,0,0.001224534,"Bushy.137"
138,"Bushy",25.265,51.42593,-0.34813,21,0,0,0.00023136,"Bushy.138"
1,"HH",9.648,51.5567652,-0.1594981,28,0,0,2.768202449,"HH.1"
2,"HH",9.648,51.5569361,-0.1570352,21,0,0,72.56672437,"HH.2"
3,"HH",23.451,51.5570779,-0.1540721,26,0,0,95.89629878,"HH.3"
4,"HH",23.451,51.5566076,-0.1520853,3,0,0,68.98209547,"HH.4"
5,"HH",23.454,51.5568577,-0.1505947,16,26,1.625,39.99100106,"HH.5"
6,"HH",53.626,51.55821574,-0.169554095,21,0,0,95.64756616,"HH.6"
7,"HH",39.753,51.5587886,-0.1677625,18,0,0,183.8018692,"HH.7"
8,"HH",9.648,51.55907,-0.156764,12,0,0,308.625643,"HH.8"
9,"HH",20.866,51.558603,-0.154504,21,1,0.047619048,260.3770402,"HH.9"
10,"HH",20.866,51.55821574,-0.152608304,36,43,1.194444444,165.6566234,"HH.10"
11,"HH",20.866,51.5590329,-0.1695786,21,0,0,184.8544155,"HH.11"
12,"HH",39.753,51.5596121,-0.165205,21,0,0,104.9674208,"HH.12"
13,"HH",40.866,51.5597,-0.1633,21,4,0.19047619,67.46354183,"HH.13"
14,"HH",40.866,51.5598,-0.1612,21,2,0.095238095,139.2743435,"HH.14"
15,"HH",30.348,51.5593975,-0.1583962,14,0,0,240.3367853,"HH.15"
16,"HH",30.348,51.5596651,-0.1562913,21,0,0,260.5981687,"HH.16"
17,"HH",20.866,51.55953206,-0.154726527,22,1,0.045454545,212.9528737,"HH.17"
18,"HH",20.866,51.55953206,-0.152608304,21,4,0.19047619,192.7040151,"HH.18"
19,"HH",20.866,51.5596096,-0.1503211,21,2,0.095238095,53.31250075,"HH.19"
20,"HH",75.463,51.5596096,-0.1503211,32,0,0,53.31250075,"HH.20"
21,"HH",75.463,51.56084837,-0.173790542,21,0,0,16.94800259,"HH.21"
22,"HH",53.626,51.56084,-0.17167,14,0,0,104.3407684,"HH.22"
23,"HH",76.974,51.561,-0.169,21,0,0,269.4447578,"HH.23"
24,"HH",76.974,51.56084837,-0.167435871,21,0,0,311.2104129,"HH.24"
25,"HH",76.974,51.56084837,-0.165317647,21,2,0.095238095,217.31863,"HH.25"
26,"HH",76.974,51.5608,-0.1607,13,1,0.076923077,251.0996207,"HH.26"
27,"HH",30.348,51.5605812,-0.1571999,20,0,0,260.6807176,"HH.27"
28,"HH",20.866,51.5606483,-0.1531018,21,0,0,71.64853427,"HH.28"
29,"HH",29.847,51.5610435,-0.1507181,21,0,0,14.6796731,"HH.29"
30,"HH",29.847,51.56216468,-0.184381661,15,0,0,9.231739003,"HH.30"
31,"HH",66.105,51.56216468,-0.182263438,21,0,0,130.929601,"HH.31"
32,"HH",66.105,51.56216468,-0.180145214,21,0,0,94.00998703,"HH.32"
33,"HH",75.463,51.56216468,-0.173790542,21,0,0,143.167613,"HH.33"
34,"HH",86.228,51.56216468,-0.171672318,21,0,0,222.170517,"HH.34"
35,"HH",86.228,51.56216468,-0.169554095,21,0,0,311.8898759,"HH.35"
36,"HH",29.884,51.56216468,-0.163199423,21,0,0,341.6330832,"HH.36"
37,"HH",30.348,51.5632,-0.1614,15,0,0,397.9249187,"HH.37"
38,"HH",30.348,51.5619569,-0.1595187,16,0,0,337.0266744,"HH.38"
39,"HH",30.348,51.5621578,-0.1571345,11,0,0,180.3430057,"HH.39"
40,"HH",42.689,51.56216468,-0.154726527,21,0,0,64.15567408,"HH.40"
41,"HH",42.689,51.5632,-0.1885,21,0,0,71.50366734,"HH.41"
42,"HH",66.105,51.56216,-0.16531,21,0,0,354.0876455,"HH.42"
43,"HH",66.105,51.563481,-0.182263438,21,0,0,212.9030648,"HH.43"
44,"HH",66.105,51.5636,-0.1804,12,0,0,253.8423611,"HH.44"
45,"HH",92.544,51.563481,-0.173790542,21,0,0,286.6300755,"HH.45"
46,"HH",86.228,51.563481,-0.169554095,21,0,0,427.3924835,"HH.46"
47,"HH",56.831,51.563481,-0.165317647,21,0,0,497.3163646,"HH.47"
48,"HH",56.831,51.563922,-0.1653009,8,0,0,545.3391027,"HH.48"
49,"HH",29.884,51.563481,-0.161081199,20,0,0,368.6440286,"HH.49"
50,"HH",29.884,51.563481,-0.158962975,21,0,0,227.7235554,"HH.50"
51,"HH",29.884,51.563481,-0.156844751,21,0,0,95.31468211,"HH.51"
52,"HH",86.661,51.5647,-0.1886,21,0,0,107.7117312,"HH.52"
53,"HH",86.661,51.5647,-0.1866,21,0,0,245.9445412,"HH.53"
54,"HH",76.25,51.5647443,-0.18433425,21,0,0,272.4847813,"HH.54"
55,"HH",76.25,51.56479731,-0.182263438,36,2,0.055555556,335.0261046,"HH.55"
56,"HH",93.228,51.5648,-0.1801,21,0,0,387.1072842,"HH.56"
57,"HH",93.228,51.5652,-0.178,21,0,0,457.9017706,"HH.57"
58,"HH",92.544,51.5649,-0.1759,17,0,0,437.2988393,"HH.58"
59,"HH",92.544,51.56479,-0.17379,21,0,0,431.2782697,"HH.59"
60,"HH",93.109,51.5648246,-0.171596,21,0,0,474.1050641,"HH.60"
61,"HH",93.109,51.56479731,-0.169554095,21,0,0,544.6372687,"HH.61"
62,"HH",56.831,51.56479731,-0.167435871,21,0,0,632.6115459,"HH.62"
63,"HH",56.831,51.5647973,-0.1653176,18,0,0,522.7859282,"HH.63"
64,"HH",53.148,51.56509,-0.16314,21,0,0,392.2853374,"HH.64"
65,"HH",53.148,51.56479731,-0.161081199,16,0,0,313.2974352,"HH.65"
66,"HH",44.912,51.5648015,-0.1591011,1,0,0,209.5628842,"HH.66"
67,"HH",72.088,51.56611,-0.19073,21,0,0,42.03317692,"HH.67"
68,"HH",72.088,51.56611,-0.18649,11,0,0,266.421843,"HH.68"
69,"HH",76.25,51.5661,-0.1844,12,0,0,238.5192705,"HH.69"
70,"HH",76.25,51.56611362,-0.182263438,51,0,0,241.2734629,"HH.70"
71,"HH",93.228,51.566,-0.1801,21,0,0,332.6246427,"HH.71"
72,"HH",93.228,51.566,-0.178,21,0,0,422.8749679,"HH.72"
73,"HH",63.735,51.5664,-0.1757,21,0,0,309.5172224,"HH.73"
74,"HH",63.735,51.56611,-0.17379,19,0,0,330.2959652,"HH.74"
75,"HH",93.109,51.5658856,-0.1711005,15,0,0,419.4502784,"HH.75"
76,"HH",77.625,51.5663,-0.1674,20,0,0,547.9253099,"HH.76"
77,"HH",77.625,51.5661,-0.1652,7,0,0,423.2415577,"HH.77"
78,"HH",53.148,51.56611,-0.16319,21,0,0,315.2312918,"HH.78"
79,"HH",53.148,51.56611,-0.16108,18,0,0,210.8943772,"HH.79"
80,"HH",54.575,51.56611362,-0.158962975,21,0,0,105.9248383,"HH.80"
81,"HH",54.575,51.56742,-0.19073,21,0,0,116.8950183,"HH.81"
82,"HH",54.575,51.56742,-0.18861,12,0,0,122.7293882,"HH.82"
83,"HH",54.575,51.56729,-0.18668,11,0,0,158.5065217,"HH.83"
84,"HH",61.519,51.56742,-0.18438,21,1,0.047619048,96.08448206,"HH.84"
85,"HH",61.519,51.5673,-0.1801,21,0,0,225.0094427,"HH.85"
86,"HH",63.735,51.5671,-0.178,21,0,0,330.6520354,"HH.86"
87,"HH",63.735,51.56742994,-0.175908766,12,0,0,209.942066,"HH.87"
88,"HH",63.735,51.5674643,-0.1734098,21,0,0,189.34208,"HH.88"
89,"HH",58.233,51.5677613,-0.1715108,13,0,0,245.2789818,"HH.89"
90,"HH",93.109,51.567351,-0.1694268,21,0,0,391.6858258,"HH.90"
91,"HH",77.625,51.56742,-0.16743,13,0,0,508.0333537,"HH.91"
92,"HH",77.625,51.56742,-0.16531,21,0,0,370.9693396,"HH.92"
93,"HH",77.625,51.56742,-0.16319,21,0,0,230.6094447,"HH.93"
94,"HH",53.148,51.56742,-0.16108,21,0,0,108.7603616,"HH.94"
95,"HH",87.911,51.56874,-0.18014,21,0,0,141.2087461,"HH.95"
96,"HH",87.911,51.56874,-0.17802,21,0,0,190.1699535,"HH.96"
97,"HH",63.735,51.56874625,-0.173790542,13,0,0,53.18828793,"HH.97"
98,"HH",58.233,51.568528,-0.1710123,19,0,0,230.7918867,"HH.98"
99,"HH",58.233,51.5686933,-0.1698261,14,0,0,301.0435336,"HH.99"
100,"HH",77.625,51.56874625,-0.167435871,21,0,0,461.4531223,"HH.100"
101,"HH",77.625,51.56874,-0.16531,21,0,0,353.9023948,"HH.101"
102,"HH",63.111,51.56874,-0.16319,33,0,0,222.1383048,"HH.102"
103,"HH",87.911,51.57006,-0.18014,35,0,0,116.6287287,"HH.103"
104,"HH",58.223,51.5696048,-0.171432,37,0,0,172.8675833,"HH.104"
105,"HH",58.223,51.5699799,-0.1703089,29,0,0,243.6920766,"HH.105"
106,"HH",58.223,51.5699799,-0.1703089,26,0,0,243.6920766,"HH.106"
107,"HH",38.928,51.57006256,-0.165317647,9,2,0.222222222,282.4450978,"HH.107"
108,"HH",64.813,51.5697976,-0.1629294,20,0,0,151.2989046,"HH.108"
109,"HH",64.813,51.5703065,-0.1606134,21,0,0,36.38364367,"HH.109"
110,"HH",55.008,51.57006,-0.15895,21,1,0.047619048,60.14171006,"HH.110"
111,"HH",56.875,51.57137,-0.18014,21,0,0,10.78180927,"HH.111"
112,"HH",63.111,51.57137888,-0.171672318,13,0,0,81.38568027,"HH.112"
113,"HH",63.111,51.571433,-0.1695062,21,0,0,150.5487375,"HH.113"
114,"HH",38.928,51.5718852,-0.1671858,10,1,0.1,132.8710021,"HH.114"
115,"HH",38.928,51.5712542,-0.1657639,21,0,0,166.1449909,"HH.115"
116,"HH",48.584,51.5713765,-0.1618753,40,0,0,46.66418966,"HH.116"
117,"HH",48.584,51.57137888,-0.161081199,33,3,0.090909091,6.319854086,"HH.117"
118,"HH",40.204,51.5722,-0.1849,12,0,0,7.006498319,"HH.118"
119,"HH",49.307,51.57269,-0.18226,21,0,0,59.27930983,"HH.119"
120,"HH",49.307,51.57269,-0.18226,19,3,0.157894737,59.27930983,"HH.120"
121,"HH",46.453,51.572707,-0.1675777,21,1,0.047619048,38.23700881,"HH.121"
122,"HH",46.453,51.5726848,-0.165448,21,29,1.380952381,6.171826216,"HH.122"
123,"HH",48.584,51.5725533,-0.1629496,21,0,0,8.246243422,"HH.123"
124,"HH",48.584,51.57256,-0.16108,21,0,0,21.4739715,"HH.124"
125,"HH",40.204,51.5735546,-0.1862576,21,0,0,35.07220683,"HH.125"
126,"HH",21.743,51.5749,-0.1877,21,0,0,40.40710365,"HH.126"
127,"HH",21.743,51.5757606,-0.1846537,21,0,0,98.90327863,"HH.127"
128,"HH",21.743,51.5768,-0.1885,11,0,0,1.398474588,"HH.128"
129,"HH",42.37,51.5767778,-0.1844793,15,0,0,142.6473821,"HH.129"
130,"HH",21.743,51.5764692,-0.1862298,9,0,0,111.829957,"HH.130"
1,"Regent",31.044,51.53657,-0.15443,15,0,0,87.17379954,"Regent.1"
2,"Regent",31.044,51.53692,-0.15255,15,0,0,77.57111068,"Regent.2"
3,"Regent",31.044,51.53666,-0.15035,15,0,0,83.44102108,"Regent.3"
4,"Regent",27.287,51.53675,-0.14857,15,0,0,9.135446299,"Regent.4"
5,"Regent",27.287,51.53547,-0.15777,1,0,0,125.4735842,"Regent.5"
6,"Regent",40.016,51.53532,-0.15608,1,0,0,182.9127491,"Regent.6"
7,"Regent",40.016,51.53515,-0.15421,34,0,0,242.8026052,"Regent.7"
8,"Regent",45.052,51.53549,-0.15203,15,0,0,235.0407209,"Regent.8"
9,"Regent",27.287,51.53476,-0.15129,14,0,0,273.0192112,"Regent.9"
10,"Regent",27.287,51.53515,-0.14865,13,0,0,85.14947709,"Regent.10"
11,"Regent",27.287,51.53408,-0.16162,15,0,0,161.2101363,"Regent.11"
12,"Regent",62.15,51.53424,-0.15925,15,0,0,215.8070255,"Regent.12"
13,"Regent",24.987,51.53441,-0.15792,8,0,0,231.9008903,"Regent.13"
14,"Regent",40.016,51.53387,-0.15445,16,0,0,373.9463344,"Regent.14"
15,"Regent",45.052,51.53337,-0.15212,16,0,0,356.6699627,"Regent.15"
16,"Regent",42.798,51.53366,-0.15046,15,0,0,237.2948409,"Regent.16"
17,"Regent",42.798,51.53397,-0.14796,15,0,0,60.4608268,"Regent.17"
18,"Regent",42.798,51.53249,-0.1635,15,0,0,185.5584098,"Regent.18"
19,"Regent",44.572,51.53304,-0.16141,38,0,0,269.0679675,"Regent.19"
20,"Regent",62.15,51.53214,-0.1598,13,0,0,410.3316195,"Regent.20"
21,"Regent",24.987,51.5333,-0.15407,14,0,0,442.5851979,"Regent.21"
22,"Regent",24.987,51.5324,-0.15194,11,0,0,373.180215,"Regent.22"
23,"Regent",45.052,51.5328,-0.15002,5,0,0,232.9201535,"Regent.23"
24,"Regent",42.798,51.53276,-0.14876,14,0,0,149.9040973,"Regent.24"
25,"Regent",42.798,51.53131,-0.16129,14,0,0,376.730917,"Regent.25"
26,"Regent",42.798,51.53086,-0.16005,6,0,0,432.7133904,"Regent.26"
27,"Regent",44.572,51.53146,-0.15717,9,0,0,557.0048455,"Regent.27"
28,"Regent",44.922,51.53144,-0.15517,15,0,0,608.6161298,"Regent.28"
29,"Regent",24.987,51.53064,-0.1534,14,0,0,523.3003392,"Regent.29"
30,"Regent",34.238,51.53152,-0.15033,12,0,0,291.8465237,"Regent.30"
31,"Regent",34.238,51.53034,-0.14896,12,0,0,235.5032553,"Regent.31"
32,"Regent",42.798,51.5296,-0.16349,9,0,0,163.2316747,"Regent.32"
33,"Regent",33.344,51.53005,-0.16111,14,0,0,317.8230617,"Regent.33"
34,"Regent",34.501,51.53053,-0.16056,3,0,0,381.8664064,"Regent.34"
35,"Regent",44.922,51.52987,-0.15713,14,0,0,490.4717149,"Regent.35"
36,"Regent",44.922,51.53006,-0.15491,11,0,0,587.8005312,"Regent.36"
37,"Regent",44.922,51.52982,-0.15297,15,0,0,519.0414083,"Regent.37"
38,"Regent",34.238,51.53002,-0.15038,14,0,0,339.963575,"Regent.38"
39,"Regent",34.238,51.5298,-0.14879,14,0,0,239.0214038,"Regent.39"
40,"Regent",46.344,51.53002,-0.14601,10,0,0,46.6784941,"Regent.40"
41,"Regent",46.344,51.528784,-0.163559,5,0,0,97.29432582,"Regent.41"
42,"Regent",15.494,51.52853,-0.16137,9,0,0,187.9173821,"Regent.42"
43,"Regent",34.501,51.528667,-0.158932,14,0,0,308.1291585,"Regent.43"
44,"Regent",34.501,51.52903,-0.1537,5,0,0,551.0800333,"Regent.44"
45,"Regent",44.922,51.5286,-0.15242,14,0,0,482.0308037,"Regent.45"
46,"Regent",49.086,51.52909,-0.15088,14,0,0,382.3909672,"Regent.46"
47,"Regent",49.086,51.52875,-0.14808,14,0,0,187.3849209,"Regent.47"
48,"Regent",46.344,51.52875,-0.1461,4,0,0,50.03293379,"Regent.48"
49,"Regent",46.344,51.52729,-0.16103,15,0,0,102.0186946,"Regent.49"
50,"Regent",21.818,51.52708,-0.15698,5,0,0,236.7208764,"Regent.50"
51,"Regent",21.818,51.52746,-0.15509,15,0,0,364.8512984,"Regent.51"
52,"Regent",21.818,51.52708,-0.15266,15,0,0,323.6607615,"Regent.52"
53,"Regent",49.086,51.52689,-0.15142,12,0,0,280.1617105,"Regent.53"
54,"Regent",49.086,51.52742,-0.14828,11,0,0,198.1981338,"Regent.54"
55,"Regent",48.687,51.5274,-0.14602,14,0,0,41.37378062,"Regent.55"
56,"Regent",48.687,51.52565,-0.1592,14,0,0,15.80679218,"Regent.56"
57,"Regent",21.888,51.52506,-0.15684,14,3,0.214285714,94.78754521,"Regent.57"
58,"Regent",43.345,51.52583,-0.15429,14,0,0,220.1632805,"Regent.58"
59,"Regent",43.345,51.52593,-0.15333,14,0,0,212.9579695,"Regent.59"
60,"Regent",43.345,51.52582,-0.15071,14,0,0,152.2729254,"Regent.60"
61,"Regent",43.345,51.52604,-0.14801,1,0,0,141.9558269,"Regent.61"
62,"Regent",48.687,51.52649,-0.14659,14,0,0,78.73421109,"Regent.62"
63,"Regent",48.687,51.52458,-0.15713,2,0,0,38.21675727,"Regent.63"
64,"Regent",21.888,51.52496,-0.15416,14,0,0,124.5274331,"Regent.64"
65,"Regent",43.345,51.52481,-0.15241,14,0,0,75.7920085,"Regent.65"
66,"Regent",43.345,51.5252085,-0.1481401,12,0,0,50.84066365,"Regent.66"
