Park,placeID,canopy.coverage,Lat,Long,Nights.active,Cat,Fox,trapping_rate_cat,trapping_rate_fox,distance,park.size
Barnes,1,27.158,51.46563542,-0.24748,20,0,2,0,0.1,0.000547472,1759732
Barnes,2,45.038,51.46563542,-0.24514,20,0,0,0,0,0.000453927,1759732
Barnes,3,45.038,51.46563542,-0.24281,20,0,32,0,1.6,0.000394014,1759732
Barnes,4,45.038,51.4671,-0.24514,20,0,7,0,0.35,0.000445338,1759732
Barnes,5,45.038,51.46731,-0.24277,20,0,0,0,0,0.001928316,1759732
Barnes,6,52.709,51.4671,-0.24048,20,0,11,0,0.55,0.001418089,1759732
Barnes,7,52.709,51.4671,-0.23815,20,0,1,0,0.05,0.00092317,1759732
Barnes,8,29.543,51.4671,-0.23582,20,0,2,0,0.1,0.000298731,1759732
Barnes,9,7.653,51.4671,-0.23115,20,0,10,0,0.5,0.000385925,1759732
Barnes,10,7.653,51.46751,-0.22891,20,9,13,0.45,0.65,0.000766186,1759732
Barnes,11,43.94,51.46856,-0.24281,20,0,0,0,0,0.001162728,1759732
Barnes,12,52.71,51.46856,-0.24048,20,0,0,0,0,0.002816755,1759732
Barnes,13,52.71,51.46856,-0.23815,20,0,14,0,0.7,0.002311667,1759732
Barnes,14,42.337,51.46856,-0.23582,4,0,1,0,0.25,0.001701365,1759732
Barnes,15,42.337,51.46856,-0.23349,20,0,6,0,0.3,0.001084065,1759732
Barnes,16,7.653,51.46856,-0.23225,14,3,15,0.214285714,1.071428571,0.001607606,1759732
Barnes,17,7.653,51.4687,-0.23015,18,0,10,0,0.555555556,0.001968389,1759732
Barnes,18,43.94,51.47002,-0.24281,20,2,9,0.1,0.45,0.000743206,1759732
Barnes,19,29.372,51.46997,-0.24108,20,0,4,0,0.2,0.001404355,1759732
Barnes,20,29.372,51.47002,-0.23815,20,1,10,0.05,0.5,0.001770434,1759732
Barnes,21,42.337,51.47002,-0.23582,20,0,1,0,0.05,0.001924938,1759732
Barnes,22,42.337,51.47002,-0.23349,20,0,2,0,0.1,0.002543355,1759732
Barnes,23,26.268,51.46999,-0.23164,20,0,16,0,0.8,0.003089971,1759732
Barnes,24,26.268,51.47002417,-0.22882,20,2,15,0.1,0.75,0.000774428,1759732
Barnes,25,29.372,51.47148708,-0.24281,20,0,1,0,0.05,0.000195644,1759732
Barnes,26,29.372,51.47148708,-0.24048,20,2,3,0.1,0.15,0.000126879,1759732
Barnes,27,29.372,51.47148708,-0.23815,20,16,26,0.8,1.3,0.000309694,1759732
Barnes,28,18.506,51.47148708,-0.23349,20,1,3,0.05,0.15,0.003141905,1759732
Barnes,29,26.268,51.47148708,-0.23115,20,0,7,0,0.35,0.002637784,1759732
Barnes,30,26.268,51.47148708,-0.22882,20,0,38,0,1.9,0.000694061,1759732
Kempton,1,44.93,51.426692,-0.391616,14,0,38,0,2.714285714,0.000315804,2422662
Kempton,2,44.93,51.426492,-0.391081,14,0,1,0,0.071428571,0.000537851,2422662
Kempton,3,44.93,51.426195,-0.390401,14,2,13,0.142857143,0.928571429,0.000857236,2422662
Kempton,4,44.93,51.425304,-0.389274,14,0,2,0,0.142857143,0.00178589,2422662
Kempton,5,44.93,51.424928,-0.388122,14,1,51,0.071428571,3.642857143,0.001711708,2422662
Kempton,6,35.9,51.423894,-0.38883,14,6,50,0.428571429,3.571428571,0.002923882,2422662
Kempton,7,35.9,51.424066,-0.390086,14,1,30,0.071428571,2.142857143,0.002986236,2422662
Kempton,8,47.267,51.42399,-0.391985,14,1,4,0.071428571,0.285714286,0.002995693,2422662
Kempton,9,47.267,51.42467,-0.394925,14,0,1,0,0.071428571,0.002694029,2422662
Kempton,10,47.267,51.42551,-0.395681,14,0,24,0,1.714285714,0.001956686,2422662
Kempton,11,47.267,51.426216,-0.395945,14,0,10,0,0.714285714,0.001208357,2422662
Kempton,12,47.267,51.42723,-0.395522,14,1,89,0.071428571,6.357142857,0.00032259,2422662
Kempton,13,47.267,51.427163,-0.394682,14,0,47,0,3.357142857,0.000348343,2422662
EalingA,1,38.849,51.509427,-0.343253,14,0,7,0,0.5,0.000988519,352043
EalingA,2,38.849,51.510616,-0.345353,14,1,0,0.071428571,0,0.001528768,352043
EalingA,3,38.849,51.510462,-0.342861,14,0,2,0,0.142857143,0.000879886,352043
EalingA,4,38.849,51.5114646,-0.3432942,14,0,34,0,2.428571429,0.000834195,352043
EalingA,5,40.083,51.512394,-0.346757,14,0,27,0,1.928571429,0.00175272,352043
EalingA,6,53.857,51.51139,-0.350158,14,0,2,0,0.142857143,0.001453944,352043
EalingA,7,38.849,51.510853,-0.341958,14,0,7,0,0.5,0.000876348,352043
EalingA,8,54.637,51.51337,-0.349881,14,0,23,0,1.642857143,0.003319166,352043
EalingA,9,39.017,51.513731,-0.3461,14,9,33,0.642857143,2.357142857,0.00037835,352043
EalingA,10,39.017,51.513571,-0.345335,11,6,8,0.545454545,0.727272727,0.000558983,352043
EalingA,11,31.308,51.513058,-0.342639,14,4,33,0.285714286,2.357142857,0.000452961,352043
EalingA,12,39.017,51.514371,-0.348201,14,8,29,0.571428571,2.071428571,0.00185557,352043
EalingA,1,22.367,51.5267718,-0.3243502,14,0,24,0,1.714285714,0.001093262,352043
EalingA,2,33.036,51.528942,-0.31721,14,1,15,0.071428571,1.071428571,0.001113715,352043
EalingA,3,34.909,51.525607,-0.3206272,14,2,12,0.142857143,0.857142857,0.000563096,352043
EalingA,4,33.036,51.529288,-0.315621,14,3,23,0.214285714,1.642857143,0.001275052,352043
EalingA,5,35.733,51.528735,-0.312746,14,0,20,0,1.428571429,0.000395729,352043
EalingA,6,35.733,51.5297867,-0.3243823,14,0,16,0,1.142857143,0.00228754,352043
EalingA,7,35.733,51.530822,-0.313123,14,2,5,0.142857143,0.357142857,0.001657645,352043
EalingB,1,10.2,51.495678,-0.329932,14,0,76,0,5.42857143,0.00072552,3251436
EalingB,2,10.2,51.497298,-0.331095,14,0,15,0,1.07142857,0.00134335,3251436
EalingB,3,10.2,51.498138,-0.33713,14,2,24,0.14285714,1.71428571,0.00025246,3251436
EalingB,4,10.2,51.4983739,-0.3350894,14,0,3,0,0.21428571,0.00078973,3251436
EalingB,5,43.479,51.49788,-0.332928,14,0,61,0,4.35714286,0.00053898,3251436
EalingB,6,43.479,51.4961299,-0.3309702,14,0,9,0,0.64285714,0.00071057,3251436
EalingB,7,43.479,51.499345,-0.336531,14,5,8,0.35714286,0.57142857,0.00104938,3251436
EalingB,8,39.404,51.500237,-0.335288,14,0,15,0,1.07142857,0.00097767,3251436
EalingB,9,39.404,51.501259,-0.33662,14,3,12,0.21428571,0.85714286,0.00027125,3251436
EalingB,10,39.404,51.500094,-0.332967,7,4,9,0.57142857,1.28571429,0.00025671,3251436
EalingB,11,30.765,51.500765,-0.332506,14,2,45,0.14285714,3.21428571,0.00029659,3251436
KingstonA,1,22.409,51.386273,-0.253174,14,0,30,0,2.142857143,0.000415199,130439
KingstonA,2,22.409,51.386103,-0.2519,14,0,91,0,6.5,0.000304587,130439
KingstonA,3,22.409,51.386077,-0.249689,14,0,9,0,0.642857143,0.000204495,130439
KingstonA,4,22.409,51.38608669,-0.248531643,14,3,54,0.214285714,3.857142857,0.000125523,130439
KingstonA,5,22.409,51.3862742,-0.2469716,14,1,2,0.071428571,0.142857143,0.000239113,130439
KingstonA,6,30.018,51.4023788,-0.2451734,14,0,73,0,5.214285714,0.00055036,130439
KingstonA,7,30.018,51.38693,-0.267638,14,3,79,0.214285714,5.642857143,0.000561601,130439
KingstonA,8,30.018,51.388002,-0.251544,14,0,68,0,4.857142857,0.000339252,130439
KingstonA,9,30.018,51.3869251,-0.2501454,14,0,56,0,4,0.000881675,130439
KingstonA,10,30.018,51.3869619,-0.2483171,14,0,111,0,7.928571429,0.000981732,130439
KingstonB,1,36.276,51.38039345,-0.262186053,14,0,13,0,0.928571429,0.001590194,804431
KingstonB,2,36.276,51.3804336,-0.2609908,14,2,17,0.142857143,1.214285714,0.000786611,804431
KingstonB,3,48.423,51.38134233,-0.26370321,14,0,3,0,0.214285714,0.001282466,804431
KingstonB,4,48.423,51.3822912,-0.26370321,14,1,31,0.071428571,2.214285714,0.000467456,804431
KingstonB,5,48.423,51.382848,-0.264896,14,0,8,0,0.571428571,0.000809188,804431
KingstonB,6,39.312,51.38418894,-0.26825468,14,1,21,0.071428571,1.5,7.56E-05,804431
KingstonB,7,39.312,51.38418894,-0.266737523,14,0,16,0,1.142857143,0.00085139,804431
KingstonB,8,39.312,51.4054279,-0.2463401,14,0,37,0,2.642857143,0.001188679,804431
KingstonB,9,45.386,51.384932,-0.268082,14,4,30,0.285714286,2.142857143,0.000802408,804431
KingstonB,10,45.386,51.38513781,-0.266737523,14,0,28,0,2,0.001409099,804431
KingstonB,11,45.386,51.4053122,-0.2451384,14,0,8,0,0.571428571,0.001752383,804431
KingstonB,12,45.386,51.386141,-0.268487,14,1,3,0.071428571,0.214285714,0.001358346,804431
KingstonC,1,39.305,51.3870356,-0.2470145,14,0,14,0,1,0.00041181,1007540
KingstonC,2,39.305,51.388188,-0.268741,14,0,64,0,4.57142857,0.00039885,1007540
KingstonC,3,39.305,51.3879844,-0.2485316,14,3,75,0.21428571,5.35714286,0.00029099,1007540
KingstonC,4,36.896,51.4028486,-0.2449272,14,0,33,0,2.35714286,0.00103739,1007540
KingstonC,5,12.868,51.404387,-0.254819,14,2,13,0.14285714,0.92857143,0.0003377,1007540
KingstonC,6,12.868,51.404896,-0.252938,14,9,13,0.64285714,0.92857143,0.00063705,1007540
KingstonC,7,36.896,51.405601,-0.248988,14,1,65,0.07142857,4.64285714,0.00043667,1007540
KingstonC,8,36.896,51.405898,-0.247343,14,0,40,0,2.85714286,0.00044895,1007540
GNW.A,23,26.338,51.468844,-0.038717,13,0,92,0,7.076923077,9.08E-05,6701582
GNW.A,24,36.647,51.46948,-0.038402,13,0,70,0,5.384615385,0.000734536,6701582
GNW.A,25,26.338,51.469927,-0.038391,13,0,69,0,5.307692308,0.001022917,6701582
GNW.A,26,26.338,51.469333,-0.039178,13,1,103,0.076923077,7.923076923,3.74E-05,6701582
GNW.A,27,36.647,51.4709291,-0.03952,13,0,77,0,5.923076923,0.000161022,6701582
GNW.A,28,36.647,51.472032,-0.039087,13,3,160,0.230769231,12.30769231,0.000324019,6701582
GNW.A,29,36.647,51.471539,-0.038934,13,0,88,0,6.769230769,0.000550004,6701582
GNW.A,30,36.647,51.4707327,-0.038627,13,0,2,0,0.153846154,0.001064076,6701582
GNW.B,1,18.404,51.455958,-0.039941,13,0,83,0,6.384615385,0.000477629,97007
GNW.B,2,18.404,51.455535,-0.040109,13,0,85,0,6.538461538,0.00051649,97007
GNW.B,3,18.404,51.455187,-0.039985,13,0,31,0,2.384615385,0.000243004,97007
GNW.B,4,18.404,51.455201,-0.040775,13,0,86,0,6.615384615,0.000946203,97007
GNW.B,5,18.404,51.454857,-0.040536,13,0,0,0,0,0.0005732,97007
GNW.B,9,31.311,51.445266,-0.050616,13,0,200,0,15.38461538,0.000544524,97007
GNW.B,10,31.311,51.4448,-0.050599,13,0,4,0,0.307692308,0.000842999,97007
GNW.B,11,31.311,51.444049,-0.05095,13,0,163,0,12.53846154,0.00044641,97007
GNW.B,12,31.311,51.445224,-0.049718,13,0,1,0,0.076923077,0.001036978,97007
GNW.B,13,31.311,51.446147,-0.048896,13,0,17,0,1.307692308,0.000768773,97007
GNW.B,14,31.311,51.4465706,-0.0485736,13,2,15,0.153846154,1.153846154,0.000600671,97007
GNW.B,15,31.311,51.445725,-0.049483,13,3,13,0.230769231,1,0.000791145,97007
GNW.B,16,31.311,51.44544,-0.048456,13,0,2,0,0.153846154,0.000511602,97007
GNW.B,17,31.311,51.444724,-0.049224,13,0,9,0,0.692307692,0.000334938,97007
GNW.B,18,31.311,51.445979,-0.048333,13,0,53,0,4.076923077,0.000944416,97007
GNW.B,19,31.311,51.4466297,-0.0473618,13,4,12,0.307692308,0.923076923,0.000470175,97007
GNW.B,20,31.311,51.448107,-0.046468,13,0,21,0,1.615384615,8.21E-05,97007
GNW.B,21,31.311,51.4475971,-0.0464867,13,30,23,2.307692308,1.769230769,0.000246185,97007
GNW.B,22,31.311,51.4471134,-0.0474697,13,0,5,0,0.384615385,0.000819507,97007
GNW.C,6,36.449,51.43172688,-0.051606247,13,93,123,7.153846154,9.461538462,5.44E-05,12321
GNW.C,7,36.449,51.432324,-0.052557,13,80,11,6.153846154,0.846153846,8.63E-05,12321
GNW.C,8,36.449,51.431767,-0.05246,13,14,15,1.076923077,1.153846154,0.000203928,12321
Bushy,1,22.146,51.40703,-0.33821,20,0,34,0,1.7,0.000187131,4647922
Bushy,2,22.146,51.40705,-0.3366,3,0,12,0,4,0.000517317,4647922
Bushy,3,22.146,51.4084,-0.33887,24,0,1,0,0.041666667,0.001477957,4647922
Bushy,4,6.349,51.40994,-0.35038,24,0,3,0,0.125,0.000695841,4647922
Bushy,5,6.349,51.40994,-0.34809,24,0,4,0,0.166666667,0.001383271,4647922
Bushy,6,46.483,51.41007,-0.34588,24,0,0,0,0,0.002363094,4647922
Bushy,7,21.117,51.40991,-0.3436,24,0,33,0,1.375,0.003185167,4647922
Bushy,8,21.117,51.41003,-0.34119,24,0,0,0,0,0.003182367,4647922
Bushy,9,21.117,51.40994,-0.33894,24,0,3,0,0.125,0.003003899,4647922
Bushy,10,48.659,51.40994,-0.33665,24,0,13,0,0.541666667,0.003334657,4647922
Bushy,11,6.439,51.40994,-0.33436,24,0,21,0,0.875,0.003521137,4647922
Bushy,12,6.439,51.40994,-0.33207,24,0,11,0,0.458333333,0.003313716,4647922
Bushy,13,24.499,51.40994,-0.32978,24,0,2,0,0.083333333,0.003056275,4647922
Bushy,14,24.499,51.40994,-0.32749,3,0,17,0,5.666666667,0.002799238,4647922
Bushy,15,28.642,51.40995,-0.3252,24,0,1,0,0.041666667,0.00257082,4647922
Bushy,16,28.642,51.41141,-0.35496,24,0,1,0,0.041666667,0.000551725,4647922
Bushy,17,22.376,51.41137,-0.35267,22,0,1,0,0.045454545,0.001337148,4647922
Bushy,18,29.26,51.4112,-0.35044,24,0,10,0,0.416666667,0.001895294,4647922
Bushy,19,46.483,51.41137,-0.34809,24,0,4,0,0.166666667,0.002633398,4647922
Bushy,20,46.483,51.41132,-0.3437,24,0,13,0,0.541666667,0.004392115,4647922
Bushy,21,46.483,51.41123,-0.34378,24,0,26,0,1.083333333,0.004277347,4647922
Bushy,22,48.659,51.41137,-0.34123,24,0,28,0,1.166666667,0.004479267,4647922
Bushy,23,48.659,51.41137,-0.33894,24,0,12,0,0.5,0.004429189,4647922
Bushy,24,48.659,51.41137,-0.33665,24,0,15,0,0.625,0.004737296,4647922
Bushy,25,12.162,51.41139,-0.33449,2,0,4,0,2,0.004973233,4647922
Bushy,26,12.162,51.41137,-0.33207,8,0,4,0,0.5,0.004729399,4647922
Bushy,27,24.499,51.41164,-0.32914,24,0,11,0,0.458333333,0.004672376,4647922
Bushy,28,24.499,51.41201,-0.32795,24,0,20,0,0.833333333,0.004904602,4647922
Bushy,29,40.766,51.41139,-0.32619,24,0,13,0,0.541666667,0.004114833,4647922
Bushy,30,40.766,51.4126049,-0.3198589,24,0,20,0,0.833333333,0.003008066,4647922
Bushy,31,22.376,51.41064,-0.32087,25,0,18,0,0.72,0.002335444,4647922
Bushy,32,8.875,51.41267,-0.35435,24,0,26,0,1.083333333,0.001940369,4647922
Bushy,33,5.846,51.41286,-0.35428,25,0,28,0,1.12,0.002142769,4647922
Bushy,34,29.26,51.41295,-0.35326,24,0,12,0,0.5,0.002556573,4647922
Bushy,35,29.26,51.41299,-0.3504,24,0,12,0,0.5,0.003651741,4647922
Bushy,36,29.26,51.41284,-0.34835,24,0,5,0,0.208333333,0.003814081,4647922
Bushy,37,45.923,51.41277,-0.34574,24,0,15,0,0.625,0.004917861,4647922
Bushy,38,57.439,51.41286,-0.34317,24,0,4,0,0.166666667,0.006014506,4647922
Bushy,39,57.439,51.4128,-0.34122,24,0,13,0,0.541666667,0.005875043,4647922
Bushy,40,46.55,51.41267,-0.33906,24,0,17,0,0.708333333,0.005715176,4647922
Bushy,41,46.55,51.4128,-0.33665,24,0,20,0,0.833333333,0.006139936,4647922
Bushy,42,12.162,51.4128,-0.33436,24,0,5,0,0.208333333,0.006377058,4647922
Bushy,43,12.162,51.41295,-0.33232,24,0,7,0,0.291666667,0.006328868,4647922
Bushy,44,67.404,51.41285,-0.33031,10,0,9,0,0.9,0.006006852,4647922
Bushy,45,67.404,51.4128335,-0.3256284,24,0,4,0,0.166666667,0.005484432,4647922
Bushy,46,40.766,51.41294,-0.32281,8,0,10,0,1.25,0.004980303,4647922
Bushy,47,29.728,51.41319,-0.31997,24,0,11,0,0.458333333,0.002728769,4647922
Bushy,48,29.728,51.41286,-0.31874,24,0,13,0,0.541666667,0.001988056,4647922
Bushy,49,29.728,51.41423,-0.35724,24,0,17,0,0.708333333,0.000794825,4647922
Bushy,50,8.875,51.41423,-0.35496,25,0,41,0,1.64,0.002730094,4647922
Bushy,51,8.875,51.41428,-0.35019,24,0,13,0,0.541666667,0.004921386,4647922
Bushy,52,29.26,51.41401,-0.34826,24,0,16,0,0.666666667,0.004940865,4647922
Bushy,53,29.26,51.41423,-0.3458,4,0,15,0,3.75,0.006245537,4647922
Bushy,54,45.923,51.41456,-0.34388,24,0,9,0,0.375,0.007278387,4647922
Bushy,55,45.923,51.4143,-0.33882,20,0,11,0,0.55,0.00735927,4647922
Bushy,56,45.923,51.41423,-0.33665,24,0,10,0,0.416666667,0.007214629,4647922
Bushy,57,57.439,51.41423,-0.33436,23,0,10,0,0.434782609,0.006803147,4647922
Bushy,58,46.55,51.41423,-0.33436,4,0,19,0,4.75,0.006803147,4647922
Bushy,59,46.55,51.41434,-0.32997,17,0,20,0,1.176470588,0.006047249,4647922
Bushy,60,33.161,51.41424,-0.3278,24,0,19,0,0.791666667,0.0054872,4647922
Bushy,61,33.161,51.4148627,-0.3267038,24,0,2,0,0.083333333,0.004591523,4647922
Bushy,62,33.161,51.4148723,-0.3221547,24,0,6,0,0.25,0.002963882,4647922
Bushy,63,33.161,51.4135976,-0.3196485,24,0,16,0,0.666666667,0.002222973,4647922
Bushy,64,53.619,51.4139459,-0.31844,24,0,14,0,0.583333333,0.00106221,4647922
Bushy,65,53.619,51.41566,-0.35724,24,0,81,0,3.375,0.00030652,4647922
Bushy,66,53.619,51.41577,-0.35479,11,0,20,0,1.818181818,0.002571693,4647922
Bushy,67,29.728,51.41554,-0.3532,21,0,17,0,0.80952381,0.00414466,4647922
Bushy,68,8.875,51.41561,-0.35068,21,0,60,0,2.857142857,0.006018412,4647922
Bushy,69,18.183,51.41587,-0.3479,24,0,3,0,0.125,0.006823231,4647922
Bushy,70,39.608,51.41566,-0.3458,24,0,20,0,0.833333333,0.007253237,4647922
Bushy,71,39.608,51.41587,-0.34445,24,0,27,0,1.125,0.006955712,4647922
Bushy,72,39.608,51.41564,-0.34108,24,0,30,0,1.25,0.006814078,4647922
Bushy,73,11.701,51.41567,-0.33893,14,0,25,0,1.785714286,0.006279713,4647922
Bushy,74,11.701,51.41568,-0.33637,27,0,20,0,0.740740741,0.005738059,4647922
Bushy,75,11.701,51.41566,-0.33436,24,0,18,0,0.75,0.005396949,4647922
Bushy,76,11.701,51.41566,-0.33207,24,1,17,0.041666667,0.708333333,0.005049746,4647922
Bushy,77,46.55,51.41568,-0.33003,23,0,12,0,0.52173913,0.004761272,4647922
Bushy,78,33.661,51.41576,-0.32746,24,0,1,0,0.041666667,0.003930101,4647922
Bushy,79,33.661,51.41566,-0.32521,24,0,3,0,0.125,0.003357596,4647922
Bushy,80,67.404,51.41576,-0.32311,24,0,0,0,0,0.002535004,4647922
Bushy,81,67.404,51.41566,-0.32063,24,0,17,0,0.708333333,0.001565989,4647922
Bushy,82,53.619,51.41719,-0.35449,24,0,90,0,3.75,0.00261211,4647922
Bushy,83,53.619,51.41707,-0.35247,20,0,24,0,1.2,0.004623537,4647922
Bushy,84,29.728,51.41724,-0.35107,24,0,12,0,0.5,0.006028641,4647922
Bushy,85,23.629,51.41706,-0.34802,24,0,10,0,0.416666667,0.00653297,4647922
Bushy,86,35.323,51.41709,-0.3458,16,0,18,0,1.125,0.00583306,4647922
Bushy,87,35.323,51.41763,-0.34396,24,0,10,0,0.416666667,0.00516966,4647922
Bushy,88,18.349,51.41709,-0.34123,22,0,17,0,0.772727273,0.005448396,4647922
Bushy,89,18.349,51.41712,-0.33896,24,0,0,0,0,0.004873548,4647922
Bushy,90,11.701,51.41731,-0.33771,27,0,113,0,4.185185185,0.004407483,4647922
Bushy,91,11.701,51.41703,-0.33407,24,0,6,0,0.25,0.003997061,4647922
Bushy,92,20.833,51.41709,-0.33207,24,0,1,0,0.041666667,0.003634055,4647922
Bushy,93,20.833,51.41709,-0.32978,24,0,3,0,0.125,0.003331337,4647922
Bushy,94,33.661,51.41689,-0.32788,8,0,5,0,0.625,0.002941487,4647922
Bushy,95,33.661,51.41709,-0.32292,24,0,3,0,0.125,0.00123021,4647922
Bushy,96,56.011,51.41709,-0.32063,24,0,5,0,0.208333333,0.000296546,4647922
Bushy,97,56.011,51.41842,-0.35471,24,0,4,0,0.166666667,0.002791966,4647922
Bushy,98,53.619,51.41885,-0.35278,21,0,0,0,0,0.004706666,4647922
Bushy,99,53.619,51.41849,-0.35139,24,0,32,0,1.333333333,0.005902951,4647922
Bushy,100,23.629,51.41878,-0.34795,24,0,0,0,0,0.005022771,4647922
Bushy,101,23.629,51.41852,-0.3458,24,0,3,0,0.125,0.004419221,4647922
Bushy,102,35.323,51.4185287,-0.343519,22,0,13,0,0.590909091,0.004246297,4647922
Bushy,103,35.323,51.41852,-0.34123,24,0,20,0,0.833333333,0.00406435,4647922
Bushy,104,34.081,51.4190005,-0.3389277,14,0,21,0,1.5,0.003033894,4647922
Bushy,105,34.081,51.41852,-0.3343,24,0,38,0,1.583333333,0.002573651,4647922
Bushy,106,18.349,51.41852,-0.33207,45,0,11,0,0.244444444,0.002218364,4647922
Bushy,107,10.92,51.41852,-0.32978,24,0,2,0,0.083333333,0.001911946,4647922
Bushy,108,10.92,51.4191253,-0.3285973,31,0,8,0,0.258064516,0.001142543,4647922
Bushy,109,20.833,51.41853,-0.32517,24,0,17,0,0.708333333,0.00062825,4647922
Bushy,110,20.833,51.42091,-0.35471,24,0,1,0,0.041666667,0.004334168,4647922
Bushy,111,35.113,51.42048,-0.35334,24,0,1,0,0.041666667,0.005142119,4647922
Bushy,112,35.113,51.42056,-0.35147,2,0,1,0,0.5,0.006024675,4647922
Bushy,113,56.011,51.41976,-0.34827,19,0,30,0,1.578947368,0.0044868,4647922
Bushy,114,56.011,51.41995,-0.3458,24,0,4,0,0.166666667,0.003020637,4647922
Bushy,115,19.793,51.41983731,-0.341065,24,0,41,0,1.708333333,0.00274788,4647922
Bushy,116,19.793,51.42008235,-0.33892084,24,0,0,0,0,0.001978178,4647922
Bushy,117,23.629,51.41995,-0.33436,24,0,31,0,1.291666667,0.001178354,4647922
Bushy,118,40.906,51.41995,-0.33207,31,0,113,0,3.64516129,0.000802672,4647922
Bushy,119,17.419,51.41995,-0.32978,24,0,38,0,1.583333333,0.000492555,4647922
Bushy,120,17.419,51.42133,-0.35542,25,0,2,0,0.08,0.003569525,4647922
Bushy,121,10.92,51.42115,-0.35244,6,0,8,0,1.333333333,0.005568332,4647922
Bushy,122,10.92,51.42138,-0.35038,22,0,0,0,0,0.005067544,4647922
Bushy,123,28.967,51.42138,-0.34809,24,0,0,0,0,0.003396798,4647922
Bushy,124,28.967,51.42094657,-0.34075487,24,0,1,0,0.041666667,0.001596277,4647922
Bushy,125,28.967,51.42125242,-0.33899756,32,0,25,0,0.78125,0.00085834,4647922
Bushy,126,28.967,51.4239,-0.3574,24,0,26,0,1.083333333,0.000806497,4647922
Bushy,127,40.906,51.42282,-0.35496,36,1,139,0.027777778,3.861111111,0.003474804,4647922
Bushy,128,40.906,51.423282,-0.351601,24,0,12,0,0.5,0.003343999,4647922
Bushy,129,17.419,51.42285,-0.35095,24,0,17,0,0.708333333,0.00368598,4647922
Bushy,130,7.419,51.42293,-0.3481,21,0,7,0,0.333333333,0.002950364,4647922
Bushy,131,11.65,51.4233,-0.34561,24,0,24,0,1,0.000446685,4647922
Bushy,132,28.967,51.42425,-0.35724,24,0,9,0,0.375,0.000812835,4647922
Bushy,133,28.967,51.42425,-0.35496,24,0,1,0,0.041666667,0.00243113,4647922
Bushy,134,26.561,51.42425,-0.35267,22,0,24,0,1.090909091,0.002526098,4647922
Bushy,135,40.906,51.42425,-0.3458,24,0,14,0,0.583333333,0.000394058,4647922
Bushy,136,40.906,51.42568,-0.35267,24,0,17,0,0.708333333,0.001108693,4647922
Bushy,137,25.265,51.42534,-0.351,24,0,35,0,1.458333333,0.001224534,4647922
Bushy,138,25.265,51.42593,-0.34813,21,0,5,0,0.238095238,0.00023136,4647922
HH,1,9.648,51.5567652,-0.1594981,28,0,18,0,0.642857143,2.768202449,3606309
HH,2,9.648,51.5569361,-0.1570352,21,0,7,0,0.333333333,72.56672437,3606309
HH,3,23.451,51.5570779,-0.1540721,26,0,56,0,2.153846154,95.89629878,3606309
HH,4,23.451,51.5566076,-0.1520853,3,0,1,0,0.333333333,68.98209547,3606309
HH,5,23.454,51.5568577,-0.1505947,16,26,46,1.625,2.875,39.99100106,3606309
HH,6,53.626,51.55821574,-0.169554095,21,0,7,0,0.333333333,95.64756616,3606309
HH,7,39.753,51.5587886,-0.1677625,18,0,69,0,3.833333333,183.8018692,3606309
HH,8,9.648,51.55907,-0.156764,12,0,25,0,2.083333333,308.625643,3606309
HH,9,20.866,51.558603,-0.154504,21,1,88,0.047619048,4.19047619,260.3770402,3606309
HH,10,20.866,51.55821574,-0.152608304,36,43,104,1.194444444,2.888888889,165.6566234,3606309
HH,11,20.866,51.5590329,-0.1695786,21,0,31,0,1.476190476,184.8544155,3606309
HH,12,39.753,51.5596121,-0.165205,21,0,27,0,1.285714286,104.9674208,3606309
HH,13,40.866,51.5597,-0.1633,21,4,39,0.19047619,1.857142857,67.46354183,3606309
HH,14,40.866,51.5598,-0.1612,21,2,25,0.095238095,1.19047619,139.2743435,3606309
HH,15,30.348,51.5593975,-0.1583962,14,0,55,0,3.928571429,240.3367853,3606309
HH,16,30.348,51.5596651,-0.1562913,21,0,16,0,0.761904762,260.5981687,3606309
HH,17,20.866,51.55953206,-0.154726527,22,1,9,0.045454545,0.409090909,212.9528737,3606309
HH,18,20.866,51.55953206,-0.152608304,21,4,23,0.19047619,1.095238095,192.7040151,3606309
HH,19,20.866,51.5596096,-0.1503211,21,2,32,0.095238095,1.523809524,53.31250075,3606309
HH,20,75.463,51.5596096,-0.1503211,32,0,37,0,1.15625,53.31250075,3606309
HH,21,75.463,51.56084837,-0.173790542,21,0,17,0,0.80952381,16.94800259,3606309
HH,22,53.626,51.56084,-0.17167,14,0,41,0,2.928571429,104.3407684,3606309
HH,23,76.974,51.561,-0.169,21,0,21,0,1,269.4447578,3606309
HH,24,76.974,51.56084837,-0.167435871,21,0,11,0,0.523809524,311.2104129,3606309
HH,25,76.974,51.56084837,-0.165317647,21,2,19,0.095238095,0.904761905,217.31863,3606309
HH,26,76.974,51.5608,-0.1607,13,1,52,0.076923077,4,251.0996207,3606309
HH,27,30.348,51.5605812,-0.1571999,20,0,13,0,0.65,260.6807176,3606309
HH,28,20.866,51.5606483,-0.1531018,21,0,17,0,0.80952381,71.64853427,3606309
HH,29,29.847,51.5610435,-0.1507181,21,0,10,0,0.476190476,14.6796731,3606309
HH,30,29.847,51.56216468,-0.184381661,15,0,34,0,2.266666667,9.231739003,3606309
HH,31,66.105,51.56216468,-0.182263438,21,0,9,0,0.428571429,130.929601,3606309
HH,32,66.105,51.56216468,-0.180145214,21,0,9,0,0.428571429,94.00998703,3606309
HH,33,75.463,51.56216468,-0.173790542,21,0,15,0,0.714285714,143.167613,3606309
HH,34,86.228,51.56216468,-0.171672318,21,0,20,0,0.952380952,222.170517,3606309
HH,35,86.228,51.56216468,-0.169554095,21,0,24,0,1.142857143,311.8898759,3606309
HH,36,29.884,51.56216468,-0.163199423,21,0,26,0,1.238095238,341.6330832,3606309
HH,37,30.348,51.5632,-0.1614,15,0,16,0,1.066666667,397.9249187,3606309
HH,38,30.348,51.5619569,-0.1595187,16,0,16,0,1,337.0266744,3606309
HH,39,30.348,51.5621578,-0.1571345,11,0,19,0,1.727272727,180.3430057,3606309
HH,40,42.689,51.56216468,-0.154726527,21,0,29,0,1.380952381,64.15567408,3606309
HH,41,42.689,51.5632,-0.1885,21,0,49,0,2.333333333,71.50366734,3606309
HH,42,66.105,51.56216,-0.16531,21,0,7,0,0.333333333,354.0876455,3606309
HH,43,66.105,51.563481,-0.182263438,21,0,1,0,0.047619048,212.9030648,3606309
HH,44,66.105,51.5636,-0.1804,12,0,38,0,3.166666667,253.8423611,3606309
HH,45,92.544,51.563481,-0.173790542,21,0,15,0,0.714285714,286.6300755,3606309
HH,46,86.228,51.563481,-0.169554095,21,0,23,0,1.095238095,427.3924835,3606309
HH,47,56.831,51.563481,-0.165317647,21,0,0,0,0,497.3163646,3606309
HH,48,56.831,51.563922,-0.1653009,8,0,26,0,3.25,545.3391027,3606309
HH,49,29.884,51.563481,-0.161081199,20,0,0,0,0,368.6440286,3606309
HH,50,29.884,51.563481,-0.158962975,21,0,4,0,0.19047619,227.7235554,3606309
HH,51,29.884,51.563481,-0.156844751,21,0,18,0,0.857142857,95.31468211,3606309
HH,52,86.661,51.5647,-0.1886,21,0,68,0,3.238095238,107.7117312,3606309
HH,53,86.661,51.5647,-0.1866,21,0,28,0,1.333333333,245.9445412,3606309
HH,54,76.25,51.5647443,-0.18433425,21,0,15,0,0.714285714,272.4847813,3606309
HH,55,76.25,51.56479731,-0.182263438,36,2,74,0.055555556,2.055555556,335.0261046,3606309
HH,56,93.228,51.5648,-0.1801,21,0,7,0,0.333333333,387.1072842,3606309
HH,57,93.228,51.5652,-0.178,21,0,37,0,1.761904762,457.9017706,3606309
HH,58,92.544,51.5649,-0.1759,17,0,2,0,0.117647059,437.2988393,3606309
HH,59,92.544,51.56479,-0.17379,21,0,0,0,0,431.2782697,3606309
HH,60,93.109,51.5648246,-0.171596,21,0,21,0,1,474.1050641,3606309
HH,61,93.109,51.56479731,-0.169554095,21,0,24,0,1.142857143,544.6372687,3606309
HH,62,56.831,51.56479731,-0.167435871,21,0,4,0,0.19047619,632.6115459,3606309
HH,63,56.831,51.5647973,-0.1653176,18,0,34,0,1.888888889,522.7859282,3606309
HH,64,53.148,51.56509,-0.16314,21,0,0,0,0,392.2853374,3606309
HH,65,53.148,51.56479731,-0.161081199,16,0,18,0,1.125,313.2974352,3606309
HH,66,44.912,51.5648015,-0.1591011,1,0,2,0,2,209.5628842,3606309
HH,67,72.088,51.56611,-0.19073,21,0,19,0,0.904761905,42.03317692,3606309
HH,68,72.088,51.56611,-0.18649,11,0,6,0,0.545454545,266.421843,3606309
HH,69,76.25,51.5661,-0.1844,12,0,2,0,0.166666667,238.5192705,3606309
HH,70,76.25,51.56611362,-0.182263438,51,0,108,0,2.117647059,241.2734629,3606309
HH,71,93.228,51.566,-0.1801,21,0,1,0,0.047619048,332.6246427,3606309
HH,72,93.228,51.566,-0.178,21,0,17,0,0.80952381,422.8749679,3606309
HH,73,63.735,51.5664,-0.1757,21,0,2,0,0.095238095,309.5172224,3606309
HH,74,63.735,51.56611,-0.17379,19,0,10,0,0.526315789,330.2959652,3606309
HH,75,93.109,51.5658856,-0.1711005,15,0,1,0,0.066666667,419.4502784,3606309
HH,76,77.625,51.5663,-0.1674,20,0,23,0,1.15,547.9253099,3606309
HH,77,77.625,51.5661,-0.1652,7,0,1,0,0.142857143,423.2415577,3606309
HH,78,53.148,51.56611,-0.16319,21,0,2,0,0.095238095,315.2312918,3606309
HH,79,53.148,51.56611,-0.16108,18,0,5,0,0.277777778,210.8943772,3606309
HH,80,54.575,51.56611362,-0.158962975,21,0,60,0,2.857142857,105.9248383,3606309
HH,81,54.575,51.56742,-0.19073,21,0,24,0,1.142857143,116.8950183,3606309
HH,82,54.575,51.56742,-0.18861,12,0,1,0,0.083333333,122.7293882,3606309
HH,83,54.575,51.56729,-0.18668,11,0,27,0,2.454545455,158.5065217,3606309
HH,84,61.519,51.56742,-0.18438,21,1,47,0.047619048,2.238095238,96.08448206,3606309
HH,85,61.519,51.5673,-0.1801,21,0,4,0,0.19047619,225.0094427,3606309
HH,86,63.735,51.5671,-0.178,21,0,4,0,0.19047619,330.6520354,3606309
HH,87,63.735,51.56742994,-0.175908766,12,0,13,0,1.083333333,209.942066,3606309
HH,88,63.735,51.5674643,-0.1734098,21,0,25,0,1.19047619,189.34208,3606309
HH,89,58.233,51.5677613,-0.1715108,13,0,21,0,1.615384615,245.2789818,3606309
HH,90,93.109,51.567351,-0.1694268,21,0,56,0,2.666666667,391.6858258,3606309
HH,91,77.625,51.56742,-0.16743,13,0,2,0,0.153846154,508.0333537,3606309
HH,92,77.625,51.56742,-0.16531,21,0,7,0,0.333333333,370.9693396,3606309
HH,93,77.625,51.56742,-0.16319,21,0,49,0,2.333333333,230.6094447,3606309
HH,94,53.148,51.56742,-0.16108,21,0,27,0,1.285714286,108.7603616,3606309
HH,95,87.911,51.56874,-0.18014,21,0,4,0,0.19047619,141.2087461,3606309
HH,96,87.911,51.56874,-0.17802,21,0,10,0,0.476190476,190.1699535,3606309
HH,97,63.735,51.56874625,-0.173790542,13,0,10,0,0.769230769,53.18828793,3606309
HH,98,58.233,51.568528,-0.1710123,19,0,0,0,0,230.7918867,3606309
HH,99,58.233,51.5686933,-0.1698261,14,0,3,0,0.214285714,301.0435336,3606309
HH,100,77.625,51.56874625,-0.167435871,21,0,12,0,0.571428571,461.4531223,3606309
HH,101,77.625,51.56874,-0.16531,21,0,28,0,1.333333333,353.9023948,3606309
HH,102,63.111,51.56874,-0.16319,33,0,26,0,0.787878788,222.1383048,3606309
HH,103,87.911,51.57006,-0.18014,35,0,13,0,0.371428571,116.6287287,3606309
HH,104,58.223,51.5696048,-0.171432,37,0,4,0,0.108108108,172.8675833,3606309
HH,105,58.223,51.5699799,-0.1703089,29,0,14,0,0.482758621,243.6920766,3606309
HH,106,58.223,51.5699799,-0.1703089,26,0,60,0,2.307692308,243.6920766,3606309
HH,107,38.928,51.57006256,-0.165317647,9,2,13,0.222222222,1.444444444,282.4450978,3606309
HH,108,64.813,51.5697976,-0.1629294,20,0,3,0,0.15,151.2989046,3606309
HH,109,64.813,51.5703065,-0.1606134,21,0,25,0,1.19047619,36.38364367,3606309
HH,110,55.008,51.57006,-0.15895,21,1,78,0.047619048,3.714285714,60.14171006,3606309
HH,111,56.875,51.57137,-0.18014,21,0,31,0,1.476190476,10.78180927,3606309
HH,112,63.111,51.57137888,-0.171672318,13,0,4,0,0.307692308,81.38568027,3606309
HH,113,63.111,51.571433,-0.1695062,21,0,196,0,9.333333333,150.5487375,3606309
HH,114,38.928,51.5718852,-0.1671858,10,1,45,0.1,4.5,132.8710021,3606309
HH,115,38.928,51.5712542,-0.1657639,21,0,8,0,0.380952381,166.1449909,3606309
HH,116,48.584,51.5713765,-0.1618753,40,0,79,0,1.975,46.66418966,3606309
HH,117,48.584,51.57137888,-0.161081199,33,3,138,0.090909091,4.181818182,6.319854086,3606309
HH,118,40.204,51.5722,-0.1849,12,0,14,0,1.166666667,7.006498319,3606309
HH,119,49.307,51.57269,-0.18226,21,0,81,0,3.857142857,59.27930983,3606309
HH,120,49.307,51.57269,-0.18226,19,3,156,0.157894737,8.210526316,59.27930983,3606309
HH,121,46.453,51.572707,-0.1675777,21,1,12,0.047619048,0.571428571,38.23700881,3606309
HH,122,46.453,51.5726848,-0.165448,21,29,24,1.380952381,1.142857143,6.171826216,3606309
HH,123,48.584,51.5725533,-0.1629496,21,0,146,0,6.952380952,8.246243422,3606309
HH,124,48.584,51.57256,-0.16108,21,0,105,0,5,21.4739715,3606309
HH,125,40.204,51.5735546,-0.1862576,21,0,13,0,0.619047619,35.07220683,3606309
HH,126,21.743,51.5749,-0.1877,21,0,33,0,1.571428571,40.40710365,3606309
HH,127,21.743,51.5757606,-0.1846537,21,0,91,0,4.333333333,98.90327863,3606309
HH,128,21.743,51.5768,-0.1885,11,0,71,0,6.454545455,1.398474588,3606309
HH,129,42.37,51.5767778,-0.1844793,15,0,11,0,0.733333333,142.6473821,3606309
HH,130,21.743,51.5764692,-0.1862298,9,0,2,0,0.222222222,111.829957,3606309
Regent,1,31.044,51.53657,-0.15443,15,0,1,0,0.066666667,87.17379954,1798265
Regent,2,31.044,51.53692,-0.15255,15,0,33,0,2.2,77.57111068,1798265
Regent,3,31.044,51.53666,-0.15035,15,0,4,0,0.266666667,83.44102108,1798265
Regent,4,27.287,51.53675,-0.14857,15,0,6,0,0.4,9.135446299,1798265
Regent,5,27.287,51.53547,-0.15777,1,0,0,0,0,125.4735842,1798265
Regent,6,40.016,51.53532,-0.15608,1,0,0,0,0,182.9127491,1798265
Regent,7,40.016,51.53515,-0.15421,34,0,9,0,0.264705882,242.8026052,1798265
Regent,8,45.052,51.53549,-0.15203,15,0,5,0,0.333333333,235.0407209,1798265
Regent,9,27.287,51.53476,-0.15129,14,0,7,0,0.5,273.0192112,1798265
Regent,10,27.287,51.53515,-0.14865,13,0,27,0,2.076923077,85.14947709,1798265
Regent,11,27.287,51.53408,-0.16162,15,0,41,0,2.733333333,161.2101363,1798265
Regent,12,62.15,51.53424,-0.15925,15,0,2,0,0.133333333,215.8070255,1798265
Regent,13,24.987,51.53441,-0.15792,8,0,1,0,0.125,231.9008903,1798265
Regent,14,40.016,51.53387,-0.15445,16,0,16,0,1,373.9463344,1798265
Regent,15,45.052,51.53337,-0.15212,16,0,83,0,5.1875,356.6699627,1798265
Regent,16,42.798,51.53366,-0.15046,15,0,9,0,0.6,237.2948409,1798265
Regent,17,42.798,51.53397,-0.14796,15,0,26,0,1.733333333,60.4608268,1798265
Regent,18,42.798,51.53249,-0.1635,15,0,17,0,1.133333333,185.5584098,1798265
Regent,19,44.572,51.53304,-0.16141,38,0,24,0,0.631578947,269.0679675,1798265
Regent,20,62.15,51.53214,-0.1598,13,0,7,0,0.538461538,410.3316195,1798265
Regent,21,24.987,51.5333,-0.15407,14,0,2,0,0.142857143,442.5851979,1798265
Regent,22,24.987,51.5324,-0.15194,11,0,0,0,0,373.180215,1798265
Regent,23,45.052,51.5328,-0.15002,5,0,7,0,1.4,232.9201535,1798265
Regent,24,42.798,51.53276,-0.14876,14,0,13,0,0.928571429,149.9040973,1798265
Regent,25,42.798,51.53131,-0.16129,14,0,39,0,2.785714286,376.730917,1798265
Regent,26,42.798,51.53086,-0.16005,6,0,33,0,5.5,432.7133904,1798265
Regent,27,44.572,51.53146,-0.15717,9,0,37,0,4.111111111,557.0048455,1798265
Regent,28,44.922,51.53144,-0.15517,15,0,36,0,2.4,608.6161298,1798265
Regent,29,24.987,51.53064,-0.1534,14,0,14,0,1,523.3003392,1798265
Regent,30,34.238,51.53152,-0.15033,12,0,2,0,0.166666667,291.8465237,1798265
Regent,31,34.238,51.53034,-0.14896,12,0,1,0,0.083333333,235.5032553,1798265
Regent,32,42.798,51.5296,-0.16349,9,0,7,0,0.777777778,163.2316747,1798265
Regent,33,33.344,51.53005,-0.16111,14,0,64,0,4.571428571,317.8230617,1798265
Regent,34,34.501,51.53053,-0.16056,3,0,12,0,4,381.8664064,1798265
Regent,35,44.922,51.52987,-0.15713,14,0,19,0,1.357142857,490.4717149,1798265
Regent,36,44.922,51.53006,-0.15491,11,0,55,0,5,587.8005312,1798265
Regent,37,44.922,51.52982,-0.15297,15,0,19,0,1.266666667,519.0414083,1798265
Regent,38,34.238,51.53002,-0.15038,14,0,1,0,0.071428571,339.963575,1798265
Regent,39,34.238,51.5298,-0.14879,14,0,0,0,0,239.0214038,1798265
Regent,40,46.344,51.53002,-0.14601,10,0,33,0,3.3,46.6784941,1798265
Regent,41,46.344,51.528784,-0.163559,5,0,9,0,1.8,97.29432582,1798265
Regent,42,15.494,51.52853,-0.16137,9,0,19,0,2.111111111,187.9173821,1798265
Regent,43,34.501,51.528667,-0.158932,14,0,63,0,4.5,308.1291585,1798265
Regent,44,34.501,51.52903,-0.1537,5,0,0,0,0,551.0800333,1798265
Regent,45,44.922,51.5286,-0.15242,14,0,3,0,0.214285714,482.0308037,1798265
Regent,46,49.086,51.52909,-0.15088,14,0,3,0,0.214285714,382.3909672,1798265
Regent,47,49.086,51.52875,-0.14808,14,0,5,0,0.357142857,187.3849209,1798265
Regent,48,46.344,51.52875,-0.1461,4,0,42,0,10.5,50.03293379,1798265
Regent,49,46.344,51.52729,-0.16103,15,0,9,0,0.6,102.0186946,1798265
Regent,50,21.818,51.52708,-0.15698,5,0,31,0,6.2,236.7208764,1798265
Regent,51,21.818,51.52746,-0.15509,15,0,4,0,0.266666667,364.8512984,1798265
Regent,52,21.818,51.52708,-0.15266,15,0,16,0,1.066666667,323.6607615,1798265
Regent,53,49.086,51.52689,-0.15142,12,0,21,0,1.75,280.1617105,1798265
Regent,54,49.086,51.52742,-0.14828,11,0,26,0,2.363636364,198.1981338,1798265
Regent,55,48.687,51.5274,-0.14602,14,0,33,0,2.357142857,41.37378062,1798265
Regent,56,48.687,51.52565,-0.1592,14,0,21,0,1.5,15.80679218,1798265
Regent,57,21.888,51.52506,-0.15684,14,3,72,0.214285714,5.142857143,94.78754521,1798265
Regent,58,43.345,51.52583,-0.15429,14,0,27,0,1.928571429,220.1632805,1798265
Regent,59,43.345,51.52593,-0.15333,14,0,32,0,2.285714286,212.9579695,1798265
Regent,60,43.345,51.52582,-0.15071,14,0,388,0,27.71428571,152.2729254,1798265
Regent,61,43.345,51.52604,-0.14801,1,0,4,0,4,141.9558269,1798265
Regent,62,48.687,51.52649,-0.14659,14,0,90,0,6.428571429,78.73421109,1798265
Regent,63,48.687,51.52458,-0.15713,2,0,27,0,13.5,38.21675727,1798265
Regent,64,21.888,51.52496,-0.15416,14,0,43,0,3.071428571,124.5274331,1798265
Regent,65,43.345,51.52481,-0.15241,14,0,65,0,4.642857143,75.7920085,1798265
Regent,66,43.345,51.5252085,-0.1481401,12,0,8,0,0.666666667,50.84066365,1798265